AccountNo,BetDate,ClassId,CategoryId,Source,BetCount,Bet_Amt,Win_Amt,Product,Vegas,Sportsbook,Games,Casino,Poker,Bingo,#N/A,Adjustments
01196ZZ   ,2012-11-24,22512_XFER,22512,I,189,29364.0,28947.0,Vegas,"89,861","42,758",,"1,262",,,,
00357DG   ,2012-11-27,22512_XFER,22512,I,1415,19835.0,18639.15,Vegas,"191,805",100,"16,900",20,,50,,295
00357DG   ,2012-11-24,22512_XFER,22512,I,2026,19280.8,17904.5,Vegas,,"152,613",,,,,,
01196ZZ   ,2012-12-19,22512_XFER,22512,I,151,17301.0,16956.0,Vegas,"7,030","290,958",,,,,500,
01284UW   ,2012-10-21,46,5,I,25,16850.0,3319.11,Sportsbook,,,"25,785",,,,,
00357DG   ,2012-11-26,22512_XFER,22512,I,1859,16078.5,12299.52,Vegas,,,,"43,494","46,893",,,
00357DG   ,2012-11-17,22512_XFER,22512,I,1469,15204.0,14758.8,Vegas,,200,,,"17,465","2,143",,
00357DG   ,2012-11-30,22512_XFER,22512,I,920,15000.0,10169.8,Vegas,,"36,855",,,,,826,
01284UW   ,2012-10-14,46,5,I,25,13700.0,10781.59,Sportsbook,118,46,141,20,,993,,
01284UW   ,2012-10-16,36,5,I,16,13655.0,20945.93,Sportsbook,,,,,,,,
01284UW   ,2012-11-03,46,5,I,87,13405.14,3500.0,Sportsbook,,,,,,,,
01284UW   ,2012-10-10,274,5,I,17,12370.0,0.0,Sportsbook,,,,,,,,
00357DG   ,2012-11-15,22512_XFER,22512,I,1152,12133.0,11300.9,Vegas,,,,,,,,
00357DG   ,2012-11-28,22512_XFER,22512,I,507,11614.0,8729.6,Vegas,,,,,,,,
00357DG   ,2012-12-05,22512_XFER,22512,I,557,11176.0,9751.6,Vegas,,,,,,,,
01196ZZ   ,2012-12-15,22512_XFER,22512,I,167,10896.0,10410.0,Vegas,,,,,,,,
01284UW   ,2012-11-01,46,5,I,34,10674.28,12210.0,Sportsbook,,,,,,,,
01196ZZ   ,2012-11-28,22512_XFER,22512,I,106,10011.0,8736.0,Vegas,,,,,,,,
01148BP   ,2012-09-17,2,9,I,30,9800.0,8200.0,Sportsbook,,,,,,,,
01148BP   ,2012-11-17,2,9,I,28,9252.5,15353.75,Sportsbook,,,,,,,,
00357DG   ,2012-11-14,22512_XFER,22512,I,1201,9154.2,7138.3,Vegas,,,,,,,,
01148BP   ,2012-10-09,2,9,I,33,9108.33,14245.83,Sportsbook,,,,,,,,
01196ZZ   ,2012-12-08,22512_XFER,22512,I,90,8815.5,8595.0,Vegas,,,,,,,,
00357DG   ,2012-11-23,22512_XFER,22512,I,998,8534.0,7082.0,Vegas,,,,,,,,
00357DG   ,2012-11-12,613,0,I,988,8472.6,8829.2,Games,,,,,,,,
01148BP   ,2012-12-10,2,9,I,22,7687.5,6587.5,Sportsbook,,,,,,,,
01148BP   ,2012-10-18,2,9,I,17,7625.0,4925.0,Sportsbook,,,,,,,,
01148BP   ,2012-11-07,2,9,I,18,7493.75,1593.75,Sportsbook,,,,,,,,
00497XG   ,2012-12-27,601,0,I,1190,7450.2,6870.91,Games,,,,,,,,
01148BP   ,2012-10-21,2,9,I,17,7450.0,2150.0,Sportsbook,,,,,,,,
01284UW   ,2012-10-11,36,5,I,8,7150.0,0.0,Sportsbook,,,,,,,,
00357DG   ,2012-11-19,22512_XFER,22512,I,1007,6918.0,3831.35,Vegas,,,,,,,,
01284UW   ,2012-10-14,274,5,I,9,6550.0,6453.33,Sportsbook,,,,,,,,
00357DG   ,2012-11-12,22512_XFER,22512,I,1042,6538.0,5236.3,Vegas,,,,,,,,
00357DG   ,2012-11-20,22512_XFER,22512,I,711,6529.0,3679.25,Vegas,,,,,,,,
01148BP   ,2012-10-24,2,9,I,18,6015.63,8737.52,Sportsbook,,,,,,,,
01148BP   ,2012-10-02,2,9,I,20,5915.65,5203.15,Sportsbook,,,,,,,,
01148BP   ,2012-09-28,2,9,I,19,5887.5,7300.0,Sportsbook,,,,,,,,
01148BP   ,2012-10-17,2,9,I,19,5800.0,6605.0,Sportsbook,,,,,,,,
01148BP   ,2012-11-27,22512_XFER,22512,I,68,5760.0,6030.0,Vegas,,,,,,,,
00357DG   ,2012-11-08,22512_XFER,22512,I,1482,5652.4,3412.6,Vegas,,,,,,,,
01148BP   ,2012-12-05,2,9,I,17,5600.0,4200.0,Sportsbook,,,,,,,,
01148BP   ,2012-09-16,2,9,I,21,5560.18,5726.25,Sportsbook,,,,,,,,
01152SJ   ,2012-12-01,22528_PRCH,22528,I,3,5451.3013,0.0,Casino,,,,,,,,
01148BP   ,2012-12-01,2,9,I,15,5350.0,7350.0,Sportsbook,,,,,,,,
01148BP   ,2012-12-09,2,9,I,14,5293.75,5393.75,Sportsbook,,,,,,,,
01284UW   ,2012-10-31,1,5,I,35,5290.0,5720.0,Sportsbook,,,,,,,,
01148BP   ,2012-09-20,2,9,I,17,5250.0,5550.0,Sportsbook,,,,,,,,
01148BP   ,2012-10-25,2,9,I,16,5219.59,6857.42,Sportsbook,,,,,,,,
00357DG   ,2012-11-29,22512_XFER,22512,I,323,5018.0,2367.3,Vegas,,,,,,,,
01148BP   ,2012-10-03,2,9,I,21,4987.5,1975.0,Sportsbook,,,,,,,,
01196ZZ   ,2012-10-20,3,8,I,25,4585.0,3448.75,Sportsbook,,,,,,,,
01148BP   ,2012-11-19,2,9,I,15,4491.15,4925.0,Sportsbook,,,,,,,,
01148BP   ,2012-11-06,2,9,I,11,4462.5,6487.5,Sportsbook,,,,,,,,
01148BP   ,2012-09-14,2,9,I,17,4460.0,9228.13,Sportsbook,,,,,,,,
01148BP   ,2012-11-01,2,9,I,10,4390.0,840.0,Sportsbook,,,,,,,,
01148BP   ,2012-11-20,2,9,I,11,4300.0,1550.0,Sportsbook,,,,,,,,
01196ZZ   ,2012-09-29,2,9,I,20,4290.0,1825.0,Sportsbook,,,,,,,,
01196ZZ   ,2012-12-13,22512_XFER,22512,I,39,4265.0,5940.0,Vegas,,,,,,,,
01148BP   ,2012-12-11,2,9,I,11,4240.0,1840.0,Sportsbook,,,,,,,,
01148BP   ,2012-11-02,2,9,I,8,4237.5,5387.5,Sportsbook,,,,,,,,
01152SJ   ,2012-10-17,22527_PRCH,22527,I,6,4234.6494,0.0,Poker,,,,,,,,
00357DG   ,2012-11-06,22512_XFER,22512,I,1056,4113.0,3992.2,Vegas,,,,,,,,
01148BP   ,2012-11-16,2,9,I,11,4106.25,6156.25,Sportsbook,,,,,,,,
01148BP   ,2012-10-26,2,9,I,12,4062.5,3187.5,Sportsbook,,,,,,,,
00497XG   ,2012-12-24,638,0,I,1797,4031.29,3325.75,Games,,,,,,,,
01148BP   ,2012-11-08,2,9,I,14,4020.31,4564.06,Sportsbook,,,,,,,,
00497XG   ,2012-12-25,638,0,I,1198,3938.31,2457.3,Games,,,,,,,,
01148BP   ,2012-09-11,2,9,I,15,3825.0,4625.0,Sportsbook,,,,,,,,
01148BP   ,2012-10-27,2,9,I,14,3802.5,3302.5,Sportsbook,,,,,,,,
01148BP   ,2012-10-19,2,9,I,9,3800.0,7237.5,Sportsbook,,,,,,,,
01284UW   ,2012-10-20,1,5,I,7,3780.0,0.0,Sportsbook,,,,,,,,
01148BP   ,2012-11-23,2,9,I,10,3681.25,5431.25,Sportsbook,,,,,,,,
01196ZZ   ,2012-12-23,22512_XFER,22512,I,38,3660.0,3510.0,Vegas,,,,,,,,
01148BP   ,2012-11-09,2,9,I,10,3643.75,2800.0,Sportsbook,,,,,,,,
01148BP   ,2012-09-27,2,9,I,12,3638.0,6000.0,Sportsbook,,,,,,,,
01148BP   ,2012-10-10,2,9,I,10,3595.45,1495.45,Sportsbook,,,,,,,,
01284UW   ,2012-10-10,36,5,I,9,3550.0,0.0,Sportsbook,,,,,,,,
01152SJ   ,2012-12-03,22528_PRCH,22528,I,2,3497.377,0.0,Casino,,,,,,,,
01148BP   ,2012-09-01,2,9,N,6,3470.0,1320.0,Sportsbook,,,,,,,,
01152SJ   ,2012-12-01,22527_PRCH,22527,I,2,3370.3864,0.0,Poker,,,,,,,,
01284UW   ,2012-10-31,46,5,I,36,3315.0,960.0,Sportsbook,,,,,,,,
00357DG   ,2012-11-22,22512_XFER,22512,I,340,3310.0,2005.0,Vegas,,,,,,,,
00497XG   ,2012-12-27,638,0,I,1230,3295.93,2748.83,Games,,,,,,,,
01148BP   ,2012-12-12,2,9,I,11,3275.0,2275.0,Sportsbook,,,,,,,,
00357DG   ,2012-11-10,22512_XFER,22512,I,826,3192.0,2335.0,Vegas,,,,,,,,
01284UW   ,2012-10-12,36,5,I,12,3180.0,25348.33,Sportsbook,,,,,,,,
00357DG   ,2012-11-05,22512_XFER,22512,I,709,3158.0,3208.1,Vegas,,,,,,,,
01148BP   ,2012-12-08,2,9,M,11,3150.0,5100.0,Sportsbook,,,,,,,,
01284UW   ,2012-10-30,46,5,I,25,3145.0,2380.0,Sportsbook,,,,,,,,
01148BP   ,2012-11-20,3,8,I,8,3137.5,1687.5,Sportsbook,,,,,,,,
01148BP   ,2012-12-03,2,9,I,7,2860.0,3293.75,Sportsbook,,,,,,,,
01148BP   ,2012-10-31,2,9,I,7,2800.0,3000.0,Sportsbook,,,,,,,,
01196ZZ   ,2012-10-23,2,9,I,11,2760.0,2000.0,Sportsbook,,,,,,,,
00497XG   ,2012-12-26,638,0,I,986,2742.5,1674.6,Games,,,,,,,,
01148BP   ,2012-12-07,2,9,M,7,2700.0,4950.0,Sportsbook,,,,,,,,
01284UW   ,2012-10-14,36,5,I,7,2700.0,0.0,Sportsbook,,,,,,,,
01196ZZ   ,2012-09-23,2,9,I,14,2650.0,1800.0,Sportsbook,,,,,,,,
01284UW   ,2012-10-15,36,5,I,6,2600.0,0.0,Sportsbook,,,,,,,,
01148BP   ,2012-09-21,2,9,I,8,2550.0,1550.0,Sportsbook,,,,,,,,
01148BP   ,2012-10-15,2,9,I,8,2540.0,1877.5,Sportsbook,,,,,,,,
01148BP   ,2012-10-20,2,9,N,7,2536.72,4839.22,Sportsbook,,,,,,,,
01148BP   ,2012-09-05,2,9,I,13,2525.0,3065.63,Sportsbook,,,,,,,,
01148BP   ,2012-11-19,3,8,I,7,2500.0,3200.0,Sportsbook,,,,,,,,
01284UW   ,2012-10-21,274,5,I,2,2500.0,0.0,Sportsbook,,,,,,,,
00357DG   ,2012-11-09,22512_XFER,22512,I,619,2428.0,2557.6,Vegas,,,,,,,,
01148BP   ,2012-10-16,2,9,I,7,2393.75,7331.25,Sportsbook,,,,,,,,
01152SJ   ,2012-10-25,22528_PRCH,22528,I,2,2377.08,0.0,Casino,,,,,,,,
01152SJ   ,2012-10-14,22528_PRCH,22528,I,2,2365.0121,0.0,Casino,,,,,,,,
01152SJ   ,2012-10-25,22527_PRCH,22527,I,2,2313.7433,0.0,Poker,,,,,,,,
01148BP   ,2012-12-19,2,9,I,8,2275.0,1525.0,Sportsbook,,,,,,,,
01196ZZ   ,2012-11-19,2,9,I,13,2223.0,1848.73,Sportsbook,,,,,,,,
01148BP   ,2012-09-29,2,9,M,5,2200.0,900.0,Sportsbook,,,,,,,,
01152SJ   ,2012-10-16,22527_PRCH,22527,I,5,2177.5649,0.0,Poker,,,,,,,,
01148BP   ,2012-11-30,2,9,I,7,2162.5,3912.5,Sportsbook,,,,,,,,
01152SJ   ,2012-10-16,22528_PRCH,22528,I,1,2115.3487,0.0,Casino,,,,,,,,
01196ZZ   ,2012-10-17,2,9,I,14,2112.0,557.05,Sportsbook,,,,,,,,
01196ZZ   ,2012-12-08,2,9,I,16,2030.0,3475.5,Sportsbook,,,,,,,,
01148BP   ,2012-11-26,2,9,I,7,2020.0,3820.0,Sportsbook,,,,,,,,
01148BP   ,2012-09-18,2,9,I,6,2008.0,0.0,Sportsbook,,,,,,,,
01148BP   ,2012-10-23,2,9,I,5,2000.0,0.0,Sportsbook,,,,,,,,
01148BP   ,2012-11-13,2,9,I,7,2000.0,1837.5,Sportsbook,,,,,,,,
01284UW   ,2012-11-02,46,5,I,11,1985.0,2325.56,Sportsbook,,,,,,,,
01284UW   ,2012-10-30,1,5,I,14,1980.0,2800.0,Sportsbook,,,,,,,,
01152SJ   ,2012-09-08,22527_PRCH,22527,I,2,1948.2058,0.0,Poker,,,,,,,,
01148BP   ,2012-09-12,2,9,I,9,1900.0,3300.0,Sportsbook,,,,,,,,
01152SJ   ,2012-12-03,22527_PRCH,22527,I,1,1873.5948,0.0,Poker,,,,,,,,
01152SJ   ,2012-12-09,22528_PRCH,22528,I,2,1870.4408,0.0,Casino,,,,,,,,
01152SJ   ,2012-12-28,22527_PRCH,22527,I,1,1859.6764,0.0,Poker,,,,,,,,
01148BP   ,2012-11-10,2,9,I,7,1850.0,2400.0,Sportsbook,,,,,,,,
00357DG   ,2012-11-13,22512_XFER,22512,I,242,1835.0,1662.5,Vegas,,,,,,,,
01148BP   ,2012-10-22,2,9,I,7,1812.5,562.5,Sportsbook,,,,,,,,
01148BP   ,2012-10-01,2,9,I,5,1800.0,3125.0,Sportsbook,,,,,,,,
01196ZZ   ,2012-11-20,2,9,I,5,1800.0,0.0,Sportsbook,,,,,,,,
01152SJ   ,2012-10-19,22527_PRCH,22527,I,6,1796.4444,0.0,Poker,,,,,,,,
01152SJ   ,2012-09-09,22528_PRCH,22528,I,4,1785.2668,0.0,Casino,,,,,,,,
01196ZZ   ,2012-11-17,2,9,I,9,1770.0,4270.5,Sportsbook,,,,,,,,
01152SJ   ,2012-10-17,22528_PRCH,22528,I,1,1743.6792,0.0,Casino,,,,,,,,
01148BP   ,2012-10-29,2,9,I,6,1737.5,1806.25,Sportsbook,,,,,,,,
01152SJ   ,2012-10-20,22527_PRCH,22527,I,6,1705.9773,0.0,Poker,,,,,,,,
01148BP   ,2012-09-15,2,9,I,8,1700.13,0.0,Sportsbook,,,,,,,,
01148BP   ,2012-10-11,2,9,I,6,1700.0,0.0,Sportsbook,,,,,,,,
01284UW   ,2012-10-20,46,5,I,7,1700.0,0.0,Sportsbook,,,,,,,,
01148BP   ,2012-10-17,2,9,N,4,1680.0,0.0,Sportsbook,,,,,,,,
01152SJ   ,2012-12-09,22527_PRCH,22527,I,2,1644.7409,0.0,Poker,,,,,,,,
00357DG   ,2012-11-12,612,0,I,351,1640.0,1325.25,Games,,,,,,,,
01148BP   ,2012-09-15,2,9,M,5,1640.0,1640.0,Sportsbook,,,,,,,,
01148BP   ,2012-12-02,2,9,I,5,1600.0,2450.0,Sportsbook,,,,,,,,
01148BP   ,2012-10-18,3,8,I,4,1595.0,2745.0,Sportsbook,,,,,,,,
00357DG   ,2012-11-02,22512_XFER,22512,I,437,1580.0,1337.1,Vegas,,,,,,,,
01152SJ   ,2012-11-30,22527_PRCH,22527,I,1,1562.0119,0.0,Poker,,,,,,,,
01152SJ   ,2012-10-15,22527_PRCH,22527,I,2,1557.7677,0.0,Poker,,,,,,,,
01284UW   ,2012-12-23,46,5,I,33,1554.0,1369.69,Sportsbook,,,,,,,,
01148BP   ,2012-09-22,2,9,I,5,1550.0,0.0,Sportsbook,,,,,,,,
01148BP   ,2012-11-03,2,9,I,3,1550.0,0.0,Sportsbook,,,,,,,,
00497XG   ,2012-12-30,638,0,I,617,1540.05,1295.26,Games,,,,,,,,
01152SJ   ,2012-09-01,22528_PRCH,22528,I,3,1516.7794,0.0,Casino,,,,,,,,
00C017    ,2012-11-23,22527_PRCH,22527,I,4,1500.0,0.0,Poker,,,,,,,,
01148BP   ,2012-11-23,2,9,N,4,1500.0,900.0,Sportsbook,,,,,,,,
01152SJ   ,2012-10-04,22528_PRCH,22528,I,3,1479.4054,0.0,Casino,,,,,,,,
01148BP   ,2012-09-07,2,9,I,4,1450.0,0.0,Sportsbook,,,,,,,,
01148BP   ,2012-12-07,2,9,N,2,1450.0,2200.0,Sportsbook,,,,,,,,
01152SJ   ,2012-12-02,22527_PRCH,22527,I,1,1436.9968,0.0,Poker,,,,,,,,
01196ZZ   ,2012-11-17,3,8,I,9,1414.0,550.0,Sportsbook,,,,,,,,
01196ZZ   ,2012-11-24,2,9,I,12,1412.0,406.5,Sportsbook,,,,,,,,
01148BP   ,2012-11-18,2,9,I,5,1408.13,1556.88,Sportsbook,,,,,,,,
01148BP   ,2012-09-06,2,9,I,4,1400.0,0.0,Sportsbook,,,,,,,,
01196ZZ   ,2012-12-17,22512_XFER,22512,I,16,1400.0,900.0,Vegas,,,,,,,,
01152SJ   ,2012-12-10,22528_PRCH,22528,I,1,1355.7315,0.0,Casino,,,,,,,,
01196ZZ   ,2012-10-15,2,9,I,5,1348.0,3773.25,Sportsbook,,,,,,,,
01148BP   ,2012-11-21,2,9,I,3,1337.5,900.0,Sportsbook,,,,,,,,
01148BP   ,2012-10-20,2,9,I,5,1315.0,1275.0,Sportsbook,,,,,,,,
01152SJ   ,2012-12-08,22527_PRCH,22527,I,1,1309.9826,0.0,Poker,,,,,,,,
01152SJ   ,2012-10-18,22528_PRCH,22528,I,5,1306.1579,0.0,Casino,,,,,,,,
01148BP   ,2012-12-05,2,9,N,3,1300.0,3600.0,Sportsbook,,,,,,,,
01148BP   ,2012-10-01,2,9,N,4,1275.0,550.0,Sportsbook,,,,,,,,
01148BP   ,2012-11-26,22512_XFER,22512,I,25,1270.0,1200.0,Vegas,,,,,,,,
01152SJ   ,2012-10-14,22527_PRCH,22527,I,2,1261.1322,0.0,Poker,,,,,,,,
01148BP   ,2012-10-05,2,9,I,9,1250.0,650.0,Sportsbook,,,,,,,,
00C017    ,2012-12-21,22527_PRCH,22527,I,5,1230.0,0.0,Poker,,,,,,,,
01196ZZ   ,2012-10-23,22512_XFER,22512,I,613,1225.6,901.1,Vegas,,,,,,,,
01148BP   ,2012-10-27,2,9,M,3,1225.0,0.0,Sportsbook,,,,,,,,
00J381    ,2012-12-06,2,9,M,7,1200.0,500.0,Sportsbook,,,,,,,,
01148BP   ,2012-11-24,2,9,I,4,1200.0,0.0,Sportsbook,,,,,,,,
01196ZZ   ,2012-10-17,3,8,I,10,1200.0,1425.0,Sportsbook,,,,,,,,
01196ZZ   ,2012-11-16,2,9,I,3,1200.0,0.0,Sportsbook,,,,,,,,
01284UW   ,2012-10-11,46,5,I,1,1200.0,0.0,Sportsbook,,,,,,,,
01152SJ   ,2012-12-07,22528_PRCH,22528,I,1,1181.1464,0.0,Casino,,,,,,,,
00497XG   ,2012-12-31,638,0,I,817,1180.12,590.33,Games,,,,,,,,
00J381    ,2012-10-03,2,9,M,9,1165.0,1725.0,Sportsbook,,,,,,,,
01148BP   ,2012-11-23,2,9,M,4,1150.0,1000.0,Sportsbook,,,,,,,,
00357DG   ,2012-11-15,635,0,I,204,1134.0,918.5,Games,,,,,,,,
01148BP   ,2012-10-25,2,9,N,3,1132.42,0.0,Sportsbook,,,,,,,,
00497XG   ,2012-12-31,601,0,I,256,1130.8,912.28,Games,,,,,,,,
01196ZZ   ,2012-10-23,3,8,I,5,1130.0,1350.0,Sportsbook,,,,,,,,
01148BP   ,2012-09-08,2,9,I,7,1125.0,525.0,Sportsbook,,,,,,,,
01284UW   ,2012-11-04,46,5,I,41,1125.0,996.0,Sportsbook,,,,,,,,
01152SJ   ,2012-12-04,22527_PRCH,22527,I,13,1121.0344,0.0,Poker,,,,,,,,
01152SJ   ,2012-11-04,22527_PRCH,22527,I,9,1119.2637,0.0,Poker,,,,,,,,
00357DG   ,2012-11-13,613,0,I,182,1114.75,649.15,Games,,,,,,,,
01152SJ   ,2012-12-04,22528_PRCH,22528,I,5,1105.4211,0.0,Casino,,,,,,,,
01152SJ   ,2012-10-13,22528_PRCH,22528,I,1,1060.9748,0.0,Casino,,,,,,,,
01152SJ   ,2012-11-05,22528_PRCH,22528,I,1,1060.8424,0.0,Casino,,,,,,,,
01196ZZ   ,2012-10-20,2,9,I,7,1050.0,0.0,Sportsbook,,,,,,,,
01196ZZ   ,2012-10-15,3,8,I,6,1047.0,700.0,Sportsbook,,,,,,,,
01284UW   ,2012-10-22,46,5,I,3,1030.0,0.0,Sportsbook,,,,,,,,
01284UW   ,2012-10-23,275,5,I,6,1025.0,0.0,Sportsbook,,,,,,,,
01152SJ   ,2012-10-18,22527_PRCH,22527,I,3,1024.3583,0.0,Poker,,,,,,,,
00J381    ,2012-09-30,2,9,M,6,1015.78,3547.1,Sportsbook,,,,,,,,
01152SJ   ,2012-12-26,22528_PRCH,22528,I,2,1013.6139,0.0,Casino,,,,,,,,
01148BP   ,2012-10-12,2,9,I,5,1006.25,506.25,Sportsbook,,,,,,,,
01152SJ   ,2012-09-09,22527_PRCH,22527,I,1,1002.2551,0.0,Poker,,,,,,,,
01148BP   ,2012-09-28,2,9,M,2,1000.0,0.0,Sportsbook,,,,,,,,
01148BP   ,2012-11-27,2,9,I,3,1000.0,0.0,Sportsbook,,,,,,,,
01148BP   ,2012-12-12,2,9,N,1,1000.0,0.0,Sportsbook,,,,,,,,
01148BP   ,2012-12-26,2,9,N,2,1000.0,0.0,Sportsbook,,,,,,,,
01196ZZ   ,2012-09-23,3,8,I,6,1000.0,2850.0,Sportsbook,,,,,,,,
01284UW   ,2012-10-19,46,5,I,2,1000.0,0.0,Sportsbook,,,,,,,,
01196ZZ   ,2012-10-27,2,9,I,19,977.0,563.0,Sportsbook,,,,,,,,
00C017    ,2012-12-29,22527_PRCH,22527,I,4,950.0,0.0,Poker,,,,,,,,
01196ZZ   ,2012-12-06,22512_XFER,22512,I,12,950.0,1440.0,Vegas,,,,,,,,
01152SJ   ,2012-09-14,22528_PRCH,22528,I,10,933.8098,0.0,Casino,,,,,,,,
01148BP   ,2012-10-30,2,9,I,4,912.5,3143.75,Sportsbook,,,,,,,,
00357DG   ,2012-11-20,635,0,I,178,907.0,681.8,Games,,,,,,,,
00C017    ,2012-11-30,22527_PRCH,22527,I,7,900.0,0.0,Poker,,,,,,,,
00J381    ,2012-09-16,2,9,M,4,900.0,900.0,Sportsbook,,,,,,,,
01148BP   ,2012-10-18,2,9,N,3,900.0,1050.0,Sportsbook,,,,,,,,
01148BP   ,2012-10-21,2,9,M,2,900.0,0.0,Sportsbook,,,,,,,,
01148BP   ,2012-12-04,2,9,M,3,900.0,750.0,Sportsbook,,,,,,,,
01152SJ   ,2012-12-07,22527_PRCH,22527,I,1,870.0242,0.0,Poker,,,,,,,,
00C017    ,2012-11-25,22527_PRCH,22527,I,2,870.0,0.0,Poker,,,,,,,,
00J381    ,2012-09-28,2,9,M,6,863.13,0.0,Sportsbook,,,,,,,,
01152SJ   ,2012-09-26,22528_PRCH,22528,I,3,859.7509,0.0,Casino,,,,,,,,
00J381    ,2012-12-28,323,9,M,3,856.25,0.0,Sportsbook,,,,,,,,
00C017    ,2012-11-28,22527_PRCH,22527,I,3,855.0,0.0,Poker,,,,,,,,
01284UW   ,2012-12-22,1,5,I,53,840.0,376.79,Sportsbook,,,,,,,,
01148BP   ,2012-11-14,2,9,I,4,837.5,0.0,Sportsbook,,,,,,,,
01148BP   ,2012-09-28,2,9,N,2,825.0,1312.5,Sportsbook,,,,,,,,
01152SJ   ,2012-12-30,22527_PRCH,22527,I,2,824.8574,0.0,Poker,,,,,,,,
01148BP   ,2012-09-14,2,9,M,2,818.0,0.0,Sportsbook,,,,,,,,
01196ZZ   ,2012-09-24,22512_XFER,22512,I,408,814.8,689.0,Vegas,,,,,,,,
01284UW   ,2012-10-31,36,5,I,5,810.0,0.0,Sportsbook,,,,,,,,
01152SJ   ,2012-12-27,22527_PRCH,22527,I,1,806.0617,0.0,Poker,,,,,,,,
00C017    ,2012-11-24,22527_PRCH,22527,I,3,800.0,0.0,Poker,,,,,,,,
00C017    ,2012-12-15,22527_PRCH,22527,I,3,800.0,0.0,Poker,,,,,,,,
00J381    ,2012-09-09,2,9,N,4,800.0,1127.38,Sportsbook,,,,,,,,
01148BP   ,2012-11-24,2,9,N,2,800.0,0.0,Sportsbook,,,,,,,,
01148BP   ,2012-11-30,2,9,M,2,800.0,1150.0,Sportsbook,,,,,,,,
00357DG   ,2012-11-14,635,0,I,131,785.5,575.95,Games,,,,,,,,
01284UW   ,2012-12-02,46,5,I,23,784.5,635.85,Sportsbook,,,,,,,,
00J381    ,2012-12-27,323,9,M,3,780.0,1056.25,Sportsbook,,,,,,,,
01196ZZ   ,2012-09-29,3,8,I,7,775.0,0.0,Sportsbook,,,,,,,,
01152SJ   ,2012-09-26,22527_PRCH,22527,I,15,770.9384,0.0,Poker,,,,,,,,
01152SJ   ,2012-12-06,22528_PRCH,22528,I,1,756.3808,0.0,Casino,,,,,,,,
00J381    ,2012-09-15,323,9,M,3,751.65,748.87,Sportsbook,,,,,,,,
01148BP   ,2012-09-21,2,9,N,2,750.0,0.0,Sportsbook,,,,,,,,
01148BP   ,2012-12-15,2,9,I,2,750.0,0.0,Sportsbook,,,,,,,,
01148BP   ,2012-12-20,2,9,I,3,750.0,0.0,Sportsbook,,,,,,,,
01284UW   ,2012-12-02,273,3,I,6,750.0,925.0,Sportsbook,,,,,,,,
01284UW   ,2012-12-23,1,5,I,21,731.0,685.33,Sportsbook,,,,,,,,
00J381    ,2012-11-09,323,9,M,5,730.0,813.75,Sportsbook,,,,,,,,
00C017    ,2012-09-10,22508_STKE,22508,I,131,724.8,0.0,Bingo,,,,,,,,
00C017    ,2012-12-01,22527_PRCH,22527,I,2,700.0,0.0,Poker,,,,,,,,
00J381    ,2012-09-17,2,9,M,4,700.0,900.0,Sportsbook,,,,,,,,
00J381    ,2012-11-10,2,9,M,5,700.0,1200.0,Sportsbook,,,,,,,,
01148BP   ,2012-09-13,2,9,I,3,700.0,0.0,Sportsbook,,,,,,,,
01148BP   ,2012-11-04,2,9,I,3,700.0,475.0,Sportsbook,,,,,,,,
01148BP   ,2012-11-16,2,9,M,2,700.0,1300.0,Sportsbook,,,,,,,,
01152SJ   ,2012-09-04,22528_PRCH,22528,I,3,698.979,0.0,Casino,,,,,,,,
01148BP   ,2012-09-05,2,9,N,2,690.63,0.0,Sportsbook,,,,,,,,
00C017    ,2012-12-07,22527_PRCH,22527,I,6,680.0,0.0,Poker,,,,,,,,
00C017    ,2012-12-14,22527_PRCH,22527,I,4,680.0,0.0,Poker,,,,,,,,
01284UW   ,2012-12-22,46,5,I,29,676.0,816.0,Sportsbook,,,,,,,,
01284UW   ,2012-11-30,273,3,I,17,675.0,1018.12,Sportsbook,,,,,,,,
01152SJ   ,2012-12-13,22527_PRCH,22527,I,9,671.3076,0.0,Poker,,,,,,,,
00J381    ,2012-11-13,2,9,M,4,664.38,800.0,Sportsbook,,,,,,,,
01152SJ   ,2012-12-11,22527_PRCH,22527,I,4,662.2825,0.0,Poker,,,,,,,,
01152SJ   ,2012-09-12,22528_PRCH,22528,I,6,656.291,0.0,Casino,,,,,,,,
00J381    ,2012-12-28,2,9,M,3,656.24,756.25,Sportsbook,,,,,,,,
00357DG   ,2012-11-16,22512_XFER,22512,I,92,656.0,304.7,Vegas,,,,,,,,
00C017    ,2012-09-28,22508_STKE,22508,I,48,656.0,0.0,Bingo,,,,,,,,
00C017    ,2012-09-14,22527_PRCH,22527,I,3,650.0,0.0,Poker,,,,,,,,
00J381    ,2012-09-22,2,9,M,5,650.0,866.0,Sportsbook,,,,,,,,
00J381    ,2012-10-11,323,9,M,3,650.0,0.0,Sportsbook,,,,,,,,
01148BP   ,2012-11-19,2,9,M,2,650.0,0.0,Sportsbook,,,,,,,,
01284UW   ,2012-10-12,1,5,I,2,650.0,0.0,Sportsbook,,,,,,,,
01152SJ   ,2012-09-04,22527_PRCH,22527,I,1,630.2786,0.0,Poker,,,,,,,,
01196ZZ   ,2012-12-20,22512_XFER,22512,I,5,630.0,180.0,Vegas,,,,,,,,
00J381    ,2012-10-07,2,9,M,3,626.0,352.0,Sportsbook,,,,,,,,
00357DG   ,2012-10-12,22512_XFER,22512,I,294,625.0,946.9,Vegas,,,,,,,,
00C017    ,2012-09-21,22527_PRCH,22527,I,3,625.0,0.0,Poker,,,,,,,,
01152SJ   ,2012-10-22,22528_PRCH,22528,I,4,624.8048,0.0,Casino,,,,,,,,
01152SJ   ,2012-10-23,22528_PRCH,22528,I,4,624.8048,0.0,Casino,,,,,,,,
01152SJ   ,2012-11-28,22528_PRCH,22528,I,1,624.1808,0.0,Casino,,,,,,,,
01152SJ   ,2012-10-27,22528_PRCH,22528,I,1,623.6014,0.0,Casino,,,,,,,,
01152SJ   ,2012-10-01,22527_PRCH,22527,I,1,620.0903,0.0,Poker,,,,,,,,
00357DG   ,2012-11-17,638,0,I,133,602.0,548.1,Games,,,,,,,,
01148BP   ,2012-09-04,2,9,I,2,600.0,0.0,Sportsbook,,,,,,,,
01148BP   ,2012-10-19,2,9,N,1,600.0,0.0,Sportsbook,,,,,,,,
01148BP   ,2012-11-11,2,9,I,2,600.0,600.0,Sportsbook,,,,,,,,
01148BP   ,2012-11-29,2,9,I,3,600.0,1500.0,Sportsbook,,,,,,,,
01196ZZ   ,2012-11-28,3,8,I,3,600.0,0.0,Sportsbook,,,,,,,,
00775SM   ,2012-10-07,22508_STKE,22508,I,569,587.2,0.0,Bingo,,,,,,,,
01152SJ   ,2012-09-06,22528_PRCH,22528,I,3,586.717,0.0,Casino,,,,,,,,
00J381    ,2012-10-02,2,9,M,4,580.0,0.0,Sportsbook,,,,,,,,
00J381    ,2012-10-07,46,5,M,7,575.0,0.0,Sportsbook,,,,,,,,
00C017    ,2012-10-12,22527_PRCH,22527,I,2,570.0,0.0,Poker,,,,,,,,
00357DG   ,2012-11-26,635,0,I,76,564.0,347.9,Games,,,,,,,,
01152SJ   ,2012-10-11,22528_PRCH,22528,I,4,561.7977,0.0,Casino,,,,,,,,
01152SJ   ,2012-11-28,22527_PRCH,22527,I,1,561.7627,0.0,Poker,,,,,,,,
00C017    ,2012-11-18,22527_PRCH,22527,I,2,560.0,0.0,Poker,,,,,,,,
00J381    ,2012-12-09,323,9,M,2,560.0,0.0,Sportsbook,,,,,,,,
01284UW   ,2012-10-25,275,5,I,11,560.0,441.63,Sportsbook,,,,,,,,
01152SJ   ,2012-09-30,22528_PRCH,22528,I,6,555.3497,0.0,Casino,,,,,,,,
00J381    ,2012-10-02,42,4,M,2,550.0,484.62,Sportsbook,,,,,,,,
01196ZZ   ,2012-11-17,1,5,I,7,550.0,109.15,Sportsbook,,,,,,,,
00C017    ,2012-11-16,22527_PRCH,22527,I,2,545.0,0.0,Poker,,,,,,,,
00J381    ,2012-09-14,2,9,M,3,540.0,866.67,Sportsbook,,,,,,,,
00J381    ,2012-09-30,46,5,M,6,540.0,1120.0,Sportsbook,,,,,,,,
00J381    ,2012-10-02,275,5,M,7,540.0,780.0,Sportsbook,,,,,,,,
01148BP   ,2012-12-03,2,9,N,1,538.75,0.0,Sportsbook,,,,,,,,
00J381    ,2012-09-23,42,4,M,3,536.75,0.0,Sportsbook,,,,,,,,
01196ZZ   ,2012-12-15,2,9,I,6,536.0,572.0,Sportsbook,,,,,,,,
00C017    ,2012-12-02,22508_STKE,22508,I,56,531.9,0.0,Bingo,,,,,,,,
00J381    ,2012-09-23,1,5,M,10,520.0,600.0,Sportsbook,,,,,,,,
00J381    ,2012-10-17,2,9,M,3,520.0,525.0,Sportsbook,,,,,,,,
00J381    ,2012-11-28,2,9,M,3,520.0,0.0,Sportsbook,,,,,,,,
00J381    ,2012-09-19,323,9,M,3,510.75,0.0,Sportsbook,,,,,,,,
01284UW   ,2012-10-10,1,5,I,4,510.0,0.0,Sportsbook,,,,,,,,
01152SJ   ,2012-09-05,22527_PRCH,22527,I,4,503.8416,0.0,Poker,,,,,,,,
00J381    ,2012-10-01,42,4,M,2,502.1,414.72,Sportsbook,,,,,,,,
00J381    ,2012-12-05,275,5,N,3,500.25,674.07,Sportsbook,,,,,,,,
00C017    ,2012-09-07,22527_PRCH,22527,I,2,500.0,0.0,Poker,,,,,,,,
00C017    ,2012-10-05,22527_PRCH,22527,I,3,500.0,0.0,Poker,,,,,,,,
00C017    ,2012-11-09,22527_PRCH,22527,I,2,500.0,0.0,Poker,,,,,,,,
00C017    ,2012-11-20,22527_PRCH,22527,I,2,500.0,0.0,Poker,,,,,,,,
00J381    ,2012-12-26,323,9,M,3,500.0,1519.38,Sportsbook,,,,,,,,
01148BP   ,2012-09-03,2,9,I,2,500.0,0.0,Sportsbook,,,,,,,,
01148BP   ,2012-09-06,2,9,N,2,500.0,0.0,Sportsbook,,,,,,,,
01148BP   ,2012-09-13,2,9,N,1,500.0,850.0,Sportsbook,,,,,,,,
01148BP   ,2012-09-16,2,9,M,1,500.0,954.55,Sportsbook,,,,,,,,
01148BP   ,2012-09-25,2,9,I,3,500.0,0.0,Sportsbook,,,,,,,,
01148BP   ,2012-10-01,2,9,M,1,500.0,1400.0,Sportsbook,,,,,,,,
01148BP   ,2012-10-13,2,9,I,2,500.0,0.0,Sportsbook,,,,,,,,
01148BP   ,2012-10-23,2,9,N,1,500.0,0.0,Sportsbook,,,,,,,,
01148BP   ,2012-11-07,2,9,N,1,500.0,1875.0,Sportsbook,,,,,,,,
01148BP   ,2012-12-06,2,9,M,1,500.0,1250.0,Sportsbook,,,,,,,,
01148BP   ,2012-12-08,2,9,I,2,500.0,900.0,Sportsbook,,,,,,,,
01196ZZ   ,2012-10-08,2,9,I,3,500.0,0.0,Sportsbook,,,,,,,,
01152SJ   ,2012-11-06,22527_PRCH,22527,I,1,499.2511,0.0,Poker,,,,,,,,
01152SJ   ,2012-12-26,22527_PRCH,22527,I,1,493.5025,0.0,Poker,,,,,,,,
01152SJ   ,2012-12-18,22528_PRCH,22528,I,4,489.6747,0.0,Casino,,,,,,,,
01284UW   ,2012-12-03,46,5,I,22,487.0,455.0,Sportsbook,,,,,,,,
00J381    ,2012-11-28,323,9,M,2,480.0,0.0,Sportsbook,,,,,,,,
01284UW   ,2012-12-20,46,5,I,31,477.5,570.45,Sportsbook,,,,,,,,
00J381    ,2012-11-21,2,9,M,3,475.0,675.0,Sportsbook,,,,,,,,
01284UW   ,2012-10-30,274,5,I,8,475.0,0.0,Sportsbook,,,,,,,,
01152SJ   ,2012-09-06,22527_PRCH,22527,I,4,472.1435,0.0,Poker,,,,,,,,
01148BP   ,2012-10-24,2,9,N,2,471.89,1394.59,Sportsbook,,,,,,,,
01284UW   ,2012-10-26,1,5,I,4,470.0,0.0,Sportsbook,,,,,,,,
00357DG   ,2012-10-26,22512_XFER,22512,I,237,461.0,210.3,Vegas,,,,,,,,
00J381    ,2012-09-12,2,9,N,3,460.89,1476.23,Sportsbook,,,,,,,,
00C017    ,2012-09-28,22527_PRCH,22527,I,3,460.0,0.0,Poker,,,,,,,,
01196ZZ   ,2012-09-25,3,8,I,5,460.0,270.0,Sportsbook,,,,,,,,
00J381    ,2012-12-05,323,9,M,3,456.0,656.25,Sportsbook,,,,,,,,
00J381    ,2012-09-22,1,5,M,2,450.0,920.0,Sportsbook,,,,,,,,
00J381    ,2012-09-28,42,4,M,4,450.0,647.5,Sportsbook,,,,,,,,
00J381    ,2012-11-23,323,9,M,4,450.0,0.0,Sportsbook,,,,,,,,
01148BP   ,2012-10-09,2,9,N,1,450.0,0.0,Sportsbook,,,,,,,,
01196ZZ   ,2012-10-26,2,9,I,5,450.0,0.0,Sportsbook,,,,,,,,
01284UW   ,2012-10-10,46,5,I,2,450.0,0.0,Sportsbook,,,,,,,,
01152SJ   ,2012-12-12,22527_PRCH,22527,I,6,448.6818,0.0,Poker,,,,,,,,
00C017    ,2012-09-02,22527_PRCH,22527,I,3,445.0,0.0,Poker,,,,,,,,
00J381    ,2012-10-03,323,9,M,3,444.62,0.0,Sportsbook,,,,,,,,
00J381    ,2012-09-10,323,9,N,2,440.0,0.0,Sportsbook,,,,,,,,
00J381    ,2012-09-28,323,9,M,3,430.0,650.0,Sportsbook,,,,,,,,
00J381    ,2012-11-17,1,5,M,6,430.0,0.0,Sportsbook,,,,,,,,
01284UW   ,2012-12-02,274,5,I,22,427.0,100.0,Sportsbook,,,,,,,,
00357DG   ,2012-12-06,22512_XFER,22512,I,42,420.0,255.0,Vegas,,,,,,,,
00J381    ,2012-09-22,5,11,M,2,420.0,0.0,Sportsbook,,,,,,,,
01152SJ   ,2012-11-07,22527_PRCH,22527,I,5,418.8285,0.0,Poker,,,,,,,,
00357DG   ,2012-11-03,22512_XFER,22512,I,118,416.0,316.4,Vegas,,,,,,,,
01148BP   ,2012-09-27,2,9,M,1,412.0,0.0,Sportsbook,,,,,,,,
00J381    ,2012-11-17,323,9,M,3,410.75,0.0,Sportsbook,,,,,,,,
00775SM   ,2012-09-30,22508_STKE,22508,I,123,403.1,0.0,Bingo,,,,,,,,
01284UW   ,2012-12-03,273,3,I,13,403.0,485.26,Sportsbook,,,,,,,,
01152SJ   ,2012-12-06,22527_PRCH,22527,I,1,400.5465,0.0,Poker,,,,,,,,
01152SJ   ,2012-10-13,22527_PRCH,22527,I,1,400.0499,0.0,Poker,,,,,,,,
00C017    ,2012-12-02,22527_PRCH,22527,I,1,400.0,0.0,Poker,,,,,,,,
00J381    ,2012-10-07,323,9,M,1,400.0,0.0,Sportsbook,,,,,,,,
00J381    ,2012-11-11,323,9,N,1,400.0,0.0,Sportsbook,,,,,,,,
00J381    ,2012-11-13,323,9,N,1,400.0,0.0,Sportsbook,,,,,,,,
00J381    ,2012-12-31,323,9,M,1,400.0,0.0,Sportsbook,,,,,,,,
01148BP   ,2012-09-16,1,5,I,1,400.0,820.0,Sportsbook,,,,,,,,
01148BP   ,2012-09-16,1,5,M,1,400.0,359.38,Sportsbook,,,,,,,,
01148BP   ,2012-10-02,2,9,N,1,400.0,0.0,Sportsbook,,,,,,,,
01148BP   ,2012-10-14,2,9,I,1,400.0,0.0,Sportsbook,,,,,,,,
01148BP   ,2012-11-24,2,9,M,3,400.0,0.0,Sportsbook,,,,,,,,
01148BP   ,2012-11-29,2,9,N,1,400.0,0.0,Sportsbook,,,,,,,,
01196ZZ   ,2012-09-25,2,9,I,2,400.0,450.0,Sportsbook,,,,,,,,
00J381    ,2012-11-27,2,9,M,2,393.4,0.0,Sportsbook,,,,,,,,
01196ZZ   ,2012-11-24,3,8,I,4,390.0,672.5,Sportsbook,,,,,,,,
01196ZZ   ,2012-10-16,3,8,I,3,385.0,362.5,Sportsbook,,,,,,,,
00J381    ,2012-10-07,1,5,M,6,380.0,0.0,Sportsbook,,,,,,,,
00J381    ,2012-12-22,323,9,M,2,380.0,0.0,Sportsbook,,,,,,,,
01148BP   ,2012-11-05,2,9,I,2,375.0,0.0,Sportsbook,,,,,,,,
01152SJ   ,2012-09-13,22528_PRCH,22528,I,5,374.3682,0.0,Casino,,,,,,,,
01152SJ   ,2012-09-15,22528_PRCH,22528,I,2,372.2777,0.0,Casino,,,,,,,,
00J381    ,2012-12-20,323,9,M,2,367.5,0.0,Sportsbook,,,,,,,,
00J381    ,2012-09-16,1,5,M,9,360.0,0.0,Sportsbook,,,,,,,,
00J381    ,2012-12-29,323,9,N,2,360.0,0.0,Sportsbook,,,,,,,,
00357DG   ,2012-11-08,613,0,I,178,354.0,203.0,Games,,,,,,,,
01284UW   ,2012-11-04,274,5,I,17,354.0,100.0,Sportsbook,,,,,,,,
00C017    ,2012-10-18,22527_PRCH,22527,I,2,350.0,0.0,Poker,,,,,,,,
00C017    ,2012-12-09,22527_PRCH,22527,I,1,350.0,0.0,Poker,,,,,,,,
00J381    ,2012-09-24,323,9,N,2,350.0,0.0,Sportsbook,,,,,,,,
00J381    ,2012-10-03,275,5,M,5,350.0,0.0,Sportsbook,,,,,,,,
00J381    ,2012-10-04,323,9,M,2,350.0,0.0,Sportsbook,,,,,,,,
00J381    ,2012-10-08,2,9,M,2,350.0,0.0,Sportsbook,,,,,,,,
00J381    ,2012-11-22,323,9,M,2,350.0,1185.94,Sportsbook,,,,,,,,
00J381    ,2012-12-10,323,9,M,2,350.0,0.0,Sportsbook,,,,,,,,
00J381    ,2012-12-12,323,9,M,2,350.0,0.0,Sportsbook,,,,,,,,
00J381    ,2012-12-30,323,9,M,2,350.0,1340.63,Sportsbook,,,,,,,,
01148BP   ,2012-12-02,2,9,M,1,350.0,0.0,Sportsbook,,,,,,,,
01196ZZ   ,2012-11-28,22528_PRCH,22528,I,2,350.0,0.0,Casino,,,,,,,,
01196ZZ   ,2012-12-01,2,9,I,1,350.0,0.0,Sportsbook,,,,,,,,
01284UW   ,2012-11-01,275,5,I,4,350.0,0.0,Sportsbook,,,,,,,,
00C017    ,2012-10-07,22527_PRCH,22527,I,3,348.55,0.0,Poker,,,,,,,,
00J381    ,2012-09-30,40,6,M,2,340.0,0.0,Sportsbook,,,,,,,,
01148BP   ,2012-10-10,2,9,N,1,337.5,0.0,Sportsbook,,,,,,,,
00J381    ,2012-09-17,1,5,M,5,335.0,0.0,Sportsbook,,,,,,,,
00C017    ,2012-09-08,22527_PRCH,22527,I,2,330.0,0.0,Poker,,,,,,,,
00C017    ,2012-10-26,22527_PRCH,22527,I,2,330.0,0.0,Poker,,,,,,,,
00357DG   ,2012-11-21,22512_XFER,22512,I,58,324.0,124.2,Vegas,,,,,,,,
01152SJ   ,2012-10-08,22527_PRCH,22527,I,3,322.2607,0.0,Poker,,,,,,,,
00357DG   ,2012-11-19,635,0,I,107,321.0,141.6,Games,,,,,,,,
00C017    ,2012-11-02,22527_PRCH,22527,I,2,320.0,0.0,Poker,,,,,,,,
00J381    ,2012-10-10,323,9,M,3,320.0,0.0,Sportsbook,,,,,,,,
00J381    ,2012-11-12,2,9,M,2,320.0,660.0,Sportsbook,,,,,,,,
00J381    ,2012-12-27,42,4,M,1,319.0,0.0,Sportsbook,,,,,,,,
00J381    ,2012-10-01,2,9,M,2,316.67,0.0,Sportsbook,,,,,,,,
01152SJ   ,2012-10-11,22527_PRCH,22527,I,1,312.1099,0.0,Poker,,,,,,,,
01152SJ   ,2012-11-06,22528_PRCH,22528,I,5,312.032,0.0,Casino,,,,,,,,
00J381    ,2012-10-08,19,1,M,1,311.31,0.0,Sportsbook,,,,,,,,
00C017    ,2012-10-14,22527_PRCH,22527,I,1,310.0,0.0,Poker,,,,,,,,
00J381    ,2012-10-10,2,9,M,2,310.0,780.0,Sportsbook,,,,,,,,
00J381    ,2012-10-02,323,9,M,2,308.05,0.0,Sportsbook,,,,,,,,
00J381    ,2012-12-11,1,5,M,2,308.0,0.0,Sportsbook,,,,,,,,
00J381    ,2012-09-17,323,9,M,2,306.26,528.13,Sportsbook,,,,,,,,
01152SJ   ,2012-10-04,22527_PRCH,22527,I,1,305.3577,0.0,Poker,,,,,,,,
00J381    ,2012-10-17,323,9,M,2,305.0,0.0,Sportsbook,,,,,,,,
00C017    ,2012-09-03,22527_PRCH,22527,I,2,300.0,0.0,Poker,,,,,,,,
00C017    ,2012-10-19,22527_PRCH,22527,I,1,300.0,0.0,Poker,,,,,,,,
00J381    ,2012-09-01,323,9,M,4,300.0,0.0,Sportsbook,,,,,,,,
00J381    ,2012-09-13,323,9,N,2,300.0,0.0,Sportsbook,,,,,,,,
00J381    ,2012-09-18,323,9,M,2,300.0,893.75,Sportsbook,,,,,,,,
00J381    ,2012-10-05,323,9,M,2,300.0,0.0,Sportsbook,,,,,,,,
00J381    ,2012-10-15,323,9,M,2,300.0,0.0,Sportsbook,,,,,,,,
00J381    ,2012-10-30,323,9,N,2,300.0,0.0,Sportsbook,,,,,,,,
00J381    ,2012-11-08,323,9,M,2,300.0,0.0,Sportsbook,,,,,,,,
00J381    ,2012-11-14,323,9,M,2,300.0,0.0,Sportsbook,,,,,,,,
00J381    ,2012-11-15,2,9,N,2,300.0,0.0,Sportsbook,,,,,,,,
00J381    ,2012-11-23,2,9,M,2,300.0,0.0,Sportsbook,,,,,,,,
00J381    ,2012-12-04,323,9,M,2,300.0,0.0,Sportsbook,,,,,,,,
00J381    ,2012-12-16,323,9,M,2,300.0,0.0,Sportsbook,,,,,,,,
00J381    ,2012-12-21,323,9,M,2,300.0,0.0,Sportsbook,,,,,,,,
01148BP   ,2012-10-26,2,9,M,2,300.0,250.0,Sportsbook,,,,,,,,
01148BP   ,2012-12-06,2,9,I,1,300.0,0.0,Sportsbook,,,,,,,,
00357DG   ,2012-12-11,CSH_PPAL,0,I,0,295.21,0.0,Adjustments,,,,,,,,
01284UW   ,2012-11-05,274,5,I,12,295.0,254.55,Sportsbook,,,,,,,,
01152SJ   ,2012-09-19,22528_PRCH,22528,I,4,292.6138,0.0,Casino,,,,,,,,
00J381    ,2012-09-21,323,9,N,2,290.0,0.0,Sportsbook,,,,,,,,
01196ZZ   ,2012-09-18,2,9,I,3,285.0,0.0,Sportsbook,,,,,,,,
01152SJ   ,2012-09-01,22527_PRCH,22527,I,2,284.3962,0.0,Poker,,,,,,,,
00J381    ,2012-09-18,275,5,M,5,283.0,0.0,Sportsbook,,,,,,,,
00J381    ,2012-11-10,323,9,M,2,281.5,1584.38,Sportsbook,,,,,,,,
00C017    ,2012-09-01,22527_PRCH,22527,I,2,281.0,0.0,Poker,,,,,,,,
00J381    ,2012-11-22,2,9,N,3,280.0,0.0,Sportsbook,,,,,,,,
00J381    ,2012-09-27,42,4,M,2,277.5,277.5,Sportsbook,,,,,,,,
01196ZZ   ,2012-11-18,2,9,I,1,275.0,0.0,Sportsbook,,,,,,,,
00J381    ,2012-11-25,2,9,N,2,274.0,0.0,Sportsbook,,,,,,,,
00357DG   ,2012-10-25,22512_XFER,22512,I,136,272.0,142.6,Vegas,,,,,,,,
00J381    ,2012-09-16,323,9,M,2,270.87,528.13,Sportsbook,,,,,,,,
00J381    ,2012-11-02,323,9,N,2,270.0,0.0,Sportsbook,,,,,,,,
01148BP   ,2012-12-03,2,9,M,1,268.0,938.0,Sportsbook,,,,,,,,
01196ZZ   ,2012-10-20,1,5,I,2,267.0,427.35,Sportsbook,,,,,,,,
01284UW   ,2012-12-04,275,5,I,15,267.0,0.0,Sportsbook,,,,,,,,
00C017    ,2012-12-30,22527_PRCH,22527,I,1,260.0,0.0,Poker,,,,,,,,
00J381    ,2012-10-01,323,9,M,1,260.0,0.0,Sportsbook,,,,,,,,
00J381    ,2012-11-12,323,9,M,2,260.0,0.0,Sportsbook,,,,,,,,
01284UW   ,2012-11-30,46,5,I,17,260.0,0.0,Sportsbook,,,,,,,,
00J381    ,2012-09-16,40,6,M,2,258.0,0.0,Sportsbook,,,,,,,,
00C017    ,2012-09-11,22527_PRCH,22527,I,2,250.0,0.0,Poker,,,,,,,,
00C017    ,2012-10-11,22527_PRCH,22527,I,2,250.0,0.0,Poker,,,,,,,,
00C017    ,2012-10-27,22527_PRCH,22527,I,1,250.0,0.0,Poker,,,,,,,,
00C017    ,2012-10-31,22527_PRCH,22527,I,2,250.0,0.0,Poker,,,,,,,,
00C017    ,2012-11-21,22527_PRCH,22527,I,1,250.0,0.0,Poker,,,,,,,,
00C017    ,2012-11-27,22527_PRCH,22527,I,2,250.0,0.0,Poker,,,,,,,,
00J381    ,2012-09-18,19,1,M,1,250.0,0.0,Sportsbook,,,,,,,,
00J381    ,2012-11-24,2,9,N,1,250.0,1500.0,Sportsbook,,,,,,,,
00J381    ,2012-11-27,1,5,M,3,250.0,0.0,Sportsbook,,,,,,,,
00J381    ,2012-12-14,323,9,N,2,250.0,0.0,Sportsbook,,,,,,,,
00J381    ,2012-12-18,2,9,N,1,250.0,0.0,Sportsbook,,,,,,,,
00J381    ,2012-12-19,323,9,M,2,250.0,687.5,Sportsbook,,,,,,,,
01148BP   ,2012-09-02,2,9,I,1,250.0,0.0,Sportsbook,,,,,,,,
01148BP   ,2012-09-24,2,9,N,1,250.0,0.0,Sportsbook,,,,,,,,
01148BP   ,2012-11-06,2,9,N,1,250.0,2500.0,Sportsbook,,,,,,,,
01148BP   ,2012-11-08,2,9,N,1,250.0,0.0,Sportsbook,,,,,,,,
01148BP   ,2012-11-21,2,9,M,1,250.0,687.5,Sportsbook,,,,,,,,
01148BP   ,2012-12-04,2,9,I,5,250.0,400.0,Sportsbook,,,,,,,,
01196ZZ   ,2012-10-13,2,9,M,4,250.0,1175.0,Sportsbook,,,,,,,,
01152SJ   ,2012-12-23,22527_PRCH,22527,I,6,249.5377,0.0,Poker,,,,,,,,
00J381    ,2012-09-16,325,13,M,1,248.13,496.26,Sportsbook,,,,,,,,
00J381    ,2012-12-06,42,4,M,1,244.0,0.0,Sportsbook,,,,,,,,
00J381    ,2012-09-23,323,9,M,1,240.0,0.0,Sportsbook,,,,,,,,
01196ZZ   ,2012-10-16,2,9,I,4,240.0,550.0,Sportsbook,,,,,,,,
01196ZZ   ,2012-09-29,22528_PRCH,22528,I,3,237.0,0.0,Casino,,,,,,,,
01284UW   ,2012-12-24,273,3,I,10,232.9,300.71,Sportsbook,,,,,,,,
00C017    ,2012-12-03,22527_PRCH,22527,I,3,230.0,0.0,Poker,,,,,,,,
00J381    ,2012-09-05,323,9,N,2,230.0,0.0,Sportsbook,,,,,,,,
00J381    ,2012-10-12,2,9,N,2,230.0,0.0,Sportsbook,,,,,,,,
00J381    ,2012-11-04,323,9,N,2,230.0,0.0,Sportsbook,,,,,,,,
00J381    ,2012-11-19,2,9,M,4,230.0,0.0,Sportsbook,,,,,,,,
00497XG   ,2012-09-02,452,0,I,369,228.31,123.36,Games,,,,,,,,
01196ZZ   ,2012-09-18,22512_XFER,22512,I,79,227.8,112.0,Vegas,,,,,,,,
00J381    ,2012-10-07,40,6,M,1,227.25,900.0,Sportsbook,,,,,,,,
01284UW   ,2012-12-04,46,5,I,8,226.0,304.0,Sportsbook,,,,,,,,
01196ZZ   ,2012-10-16,36,5,I,5,225.0,0.0,Sportsbook,,,,,,,,
01196ZZ   ,2012-11-10,2,9,I,3,225.0,175.0,Sportsbook,,,,,,,,
01196ZZ   ,2012-12-13,22528_PRCH,22528,I,2,225.0,0.0,Casino,,,,,,,,
01152SJ   ,2012-09-15,22527_PRCH,22527,I,2,223.3667,0.0,Poker,,,,,,,,
00497XG   ,2012-12-30,601,0,I,85,222.4,156.5,Games,,,,,,,,
00J381    ,2012-09-30,42,4,M,1,220.0,0.0,Sportsbook,,,,,,,,
00J381    ,2012-10-27,2,9,M,2,220.0,600.0,Sportsbook,,,,,,,,
00J381    ,2012-10-27,1,5,N,2,220.0,0.0,Sportsbook,,,,,,,,
00J381    ,2012-10-27,2,9,N,2,220.0,0.0,Sportsbook,,,,,,,,
00J381    ,2012-10-27,323,9,M,2,220.0,0.0,Sportsbook,,,,,,,,
00J381    ,2012-12-19,2,9,M,1,220.0,0.0,Sportsbook,,,,,,,,
01284UW   ,2012-10-25,274,5,I,2,220.0,0.0,Sportsbook,,,,,,,,
01152SJ   ,2012-12-17,22528_PRCH,22528,I,5,216.3966,0.0,Casino,,,,,,,,
01284UW   ,2012-12-25,274,5,I,6,216.0,12.69,Sportsbook,,,,,,,,
01152SJ   ,2012-10-30,22528_PRCH,22528,I,1,215.4744,0.0,Casino,,,,,,,,
01284UW   ,2012-12-25,1,5,I,13,213.0,41.37,Sportsbook,,,,,,,,
00J381    ,2012-10-20,1,5,M,1,212.0,0.0,Sportsbook,,,,,,,,
01196ZZ   ,2012-10-18,2,9,I,1,207.0,0.0,Sportsbook,,,,,,,,
00J381    ,2012-11-23,40,6,M,2,205.94,0.0,Sportsbook,,,,,,,,
00J381    ,2012-09-23,2,9,M,1,204.0,0.0,Sportsbook,,,,,,,,
00J381    ,2012-11-09,2,9,M,1,202.25,0.0,Sportsbook,,,,,,,,
00357DG   ,2012-09-15,22512_XFER,22512,I,101,202.0,127.1,Vegas,,,,,,,,
00C017    ,2012-09-15,22527_PRCH,22527,I,1,200.0,0.0,Poker,,,,,,,,
00C017    ,2012-09-29,22527_PRCH,22527,I,2,200.0,0.0,Poker,,,,,,,,
00C017    ,2012-10-25,22527_PRCH,22527,I,1,200.0,0.0,Poker,,,,,,,,
00C017    ,2012-11-24,2,9,I,4,200.0,400.0,Sportsbook,,,,,,,,
00J381    ,2012-09-06,323,9,N,2,200.0,0.0,Sportsbook,,,,,,,,
00J381    ,2012-09-08,2,9,M,1,200.0,0.0,Sportsbook,,,,,,,,
00J381    ,2012-09-09,323,9,N,1,200.0,406.25,Sportsbook,,,,,,,,
00J381    ,2012-09-11,323,9,N,1,200.0,0.0,Sportsbook,,,,,,,,
00J381    ,2012-09-14,2,9,N,1,200.0,568.75,Sportsbook,,,,,,,,
00J381    ,2012-09-24,2,9,N,1,200.0,0.0,Sportsbook,,,,,,,,
00J381    ,2012-09-30,323,9,N,1,200.0,3300.78,Sportsbook,,,,,,,,
00J381    ,2012-10-05,2,9,M,1,200.0,0.0,Sportsbook,,,,,,,,
00J381    ,2012-10-06,323,9,M,1,200.0,0.0,Sportsbook,,,,,,,,
00J381    ,2012-10-08,323,9,M,1,200.0,0.0,Sportsbook,,,,,,,,
00J381    ,2012-10-09,323,9,M,1,200.0,0.0,Sportsbook,,,,,,,,
00J381    ,2012-10-11,2,9,M,1,200.0,0.0,Sportsbook,,,,,,,,
00J381    ,2012-10-14,323,9,M,2,200.0,0.0,Sportsbook,,,,,,,,
00J381    ,2012-10-16,2,9,N,1,200.0,0.0,Sportsbook,,,,,,,,
00J381    ,2012-10-24,323,9,M,2,200.0,0.0,Sportsbook,,,,,,,,
00J381    ,2012-10-25,2,9,M,2,200.0,0.0,Sportsbook,,,,,,,,
00J381    ,2012-11-05,2,9,M,1,200.0,0.0,Sportsbook,,,,,,,,
00J381    ,2012-11-10,2,9,N,1,200.0,0.0,Sportsbook,,,,,,,,
00J381    ,2012-11-14,40,6,M,1,200.0,0.0,Sportsbook,,,,,,,,
00J381    ,2012-11-17,5,11,M,1,200.0,0.0,Sportsbook,,,,,,,,
00J381    ,2012-11-18,323,9,M,1,200.0,0.0,Sportsbook,,,,,,,,
00J381    ,2012-11-20,323,9,N,1,200.0,0.0,Sportsbook,,,,,,,,
00J381    ,2012-11-25,1,5,N,4,200.0,0.0,Sportsbook,,,,,,,,
00J381    ,2012-11-26,2,9,M,1,200.0,700.0,Sportsbook,,,,,,,,
00J381    ,2012-11-30,323,9,M,1,200.0,0.0,Sportsbook,,,,,,,,
00J381    ,2012-12-01,323,9,M,1,200.0,0.0,Sportsbook,,,,,,,,
00J381    ,2012-12-08,323,9,M,1,200.0,0.0,Sportsbook,,,,,,,,
00J381    ,2012-12-11,1,5,I,1,200.0,0.0,Sportsbook,,,,,,,,
00J381    ,2012-12-11,323,9,M,1,200.0,528.13,Sportsbook,,,,,,,,
00J381    ,2012-12-14,2,9,M,1,200.0,0.0,Sportsbook,,,,,,,,
00J381    ,2012-12-16,1,5,N,2,200.0,0.0,Sportsbook,,,,,,,,
00J381    ,2012-12-17,323,9,M,1,200.0,0.0,Sportsbook,,,,,,,,
00J381    ,2012-12-23,323,9,M,1,200.0,0.0,Sportsbook,,,,,,,,
01148BP   ,2012-09-10,2,9,I,1,200.0,0.0,Sportsbook,,,,,,,,
01148BP   ,2012-09-11,2,9,N,1,200.0,0.0,Sportsbook,,,,,,,,
01148BP   ,2012-09-19,2,9,I,1,200.0,0.0,Sportsbook,,,,,,,,
01148BP   ,2012-09-30,2,9,M,1,200.0,0.0,Sportsbook,,,,,,,,
01148BP   ,2012-10-31,2,9,N,1,200.0,0.0,Sportsbook,,,,,,,,
01148BP   ,2012-11-22,2,9,I,1,200.0,0.0,Sportsbook,,,,,,,,
01196ZZ   ,2012-10-20,22528_PRCH,22528,I,1,200.0,0.0,Casino,,,,,,,,
01196ZZ   ,2012-12-07,22512_XFER,22512,I,2,200.0,0.0,Vegas,,,,,,,,
01196ZZ   ,2012-12-21,22512_XFER,22512,I,1,200.0,0.0,Vegas,,,,,,,,
01284UW   ,2012-10-30,36,5,I,2,200.0,0.0,Sportsbook,,,,,,,,
00C017    ,2012-09-18,22527_PRCH,22527,I,1,190.0,0.0,Poker,,,,,,,,
00C017    ,2012-10-21,22527_PRCH,22527,I,2,190.0,0.0,Poker,,,,,,,,
01152SJ   ,2012-10-10,22528_PRCH,22528,I,1,186.6368,0.0,Casino,,,,,,,,
01152SJ   ,2012-11-04,22528_PRCH,22528,I,1,186.544,0.0,Casino,,,,,,,,
00J381    ,2012-09-08,2,9,N,1,180.0,0.0,Sportsbook,,,,,,,,
00J381    ,2012-09-27,2,9,M,2,180.0,0.0,Sportsbook,,,,,,,,
00J381    ,2012-10-20,323,9,M,1,180.0,402.19,Sportsbook,,,,,,,,
00J381    ,2012-11-16,323,9,M,1,180.0,1608.75,Sportsbook,,,,,,,,
00J381    ,2012-12-29,1,5,M,3,180.0,0.0,Sportsbook,,,,,,,,
01196ZZ   ,2012-09-29,1,5,I,5,180.0,91.67,Sportsbook,,,,,,,,
00J381    ,2012-11-17,2,9,M,1,178.0,0.0,Sportsbook,,,,,,,,
01152SJ   ,2012-12-13,22528_PRCH,22528,I,4,174.0428,0.0,Casino,,,,,,,,
01152SJ   ,2012-10-19,22528_PRCH,22528,I,1,171.9011,0.0,Casino,,,,,,,,
00J381    ,2012-09-30,1,5,M,4,170.0,0.0,Sportsbook,,,,,,,,
00J381    ,2012-11-30,2,9,N,1,170.0,0.0,Sportsbook,,,,,,,,
01152SJ   ,2012-09-20,22528_PRCH,22528,I,1,160.0591,0.0,Casino,,,,,,,,
00C017    ,2012-10-28,22527_PRCH,22527,I,1,160.0,0.0,Poker,,,,,,,,
00J381    ,2012-10-19,2,9,N,1,160.0,0.0,Sportsbook,,,,,,,,
01196ZZ   ,2012-09-23,1,5,M,2,160.0,300.91,Sportsbook,,,,,,,,
00J381    ,2012-09-29,1,5,M,5,155.0,0.0,Sportsbook,,,,,,,,
01284UW   ,2012-12-08,46,5,I,14,155.0,97.75,Sportsbook,,,,,,,,
00J381    ,2012-09-10,45,17,M,1,153.63,0.0,Sportsbook,,,,,,,,
00C017    ,2012-11-10,22527_PRCH,22527,I,2,152.99,0.0,Poker,,,,,,,,
00357DG   ,2012-12-05,635,0,I,33,151.0,41.6,Games,,,,,,,,
00J381    ,2012-11-26,323,9,M,1,150.31,1343.4,Sportsbook,,,,,,,,
00C017    ,2012-09-16,22527_PRCH,22527,I,2,150.0,0.0,Poker,,,,,,,,
00C017    ,2012-12-04,22527_PRCH,22527,I,1,150.0,0.0,Poker,,,,,,,,
00C017    ,2012-12-12,22527_PRCH,22527,I,2,150.0,0.0,Poker,,,,,,,,
00C017    ,2012-12-23,22527_PRCH,22527,I,1,150.0,0.0,Poker,,,,,,,,
00J381    ,2012-09-02,323,9,M,1,150.0,0.0,Sportsbook,,,,,,,,
00J381    ,2012-09-03,323,9,M,1,150.0,0.0,Sportsbook,,,,,,,,
